[
  {
    "id": "c5f274fb-8809-4fdd-84ce-d2fd1069009c",
    "data": [
      {
        "text": "FR8956",
        "meta": "@sys.number-sequence",
        "alias": "number-sequence",
        "userDefined": true
      }
    ],
    "isTemplate": false,
    "count": 0,
    "lang": "en",
    "updated": 0
  },
  {
    "id": "49050ee6-3a25-439e-a7a8-31e42dfbd87c",
    "data": [
      {
        "text": "GG7387",
        "meta": "@sys.number-sequence",
        "alias": "number-sequence",
        "userDefined": true
      }
    ],
    "isTemplate": false,
    "count": 0,
    "lang": "en",
    "updated": 0
  },
  {
    "id": "b8b585fd-6e2f-4042-8ebe-b8ef152d304d",
    "data": [
      {
        "text": "Class Code: ",
        "userDefined": false
      },
      {
        "text": "UU538",
        "meta": "@sys.number-sequence",
        "alias": "number-sequence",
        "userDefined": true
      }
    ],
    "isTemplate": false,
    "count": 0,
    "lang": "en",
    "updated": 0
  },
  {
    "id": "5e8bdf87-8219-4a67-b48d-59b8cf1eaed9",
    "data": [
      {
        "text": "Class code ",
        "userDefined": false
      },
      {
        "text": "RP2975",
        "meta": "@sys.number-sequence",
        "alias": "number-sequence",
        "userDefined": true
      }
    ],
    "isTemplate": false,
    "count": 0,
    "lang": "en",
    "updated": 0
  },
  {
    "id": "738292d9-7fb5-4efa-afb9-8efbf9ff7b7e",
    "data": [
      {
        "text": "Class code is ",
        "userDefined": false
      },
      {
        "text": "TD1329",
        "meta": "@sys.number-sequence",
        "alias": "number-sequence",
        "userDefined": true
      }
    ],
    "isTemplate": false,
    "count": 0,
    "lang": "en",
    "updated": 0
  }
]