[
  {
    "id": "8995670f-f56d-43b0-8874-822ed3c67870",
    "data": [
      {
        "text": "A lot",
        "userDefined": false
      }
    ],
    "isTemplate": false,
    "count": 0,
    "lang": "en",
    "updated": 0
  },
  {
    "id": "49c58aca-d535-4830-a1b9-73e3ae042536",
    "data": [
      {
        "text": "Not much",
        "userDefined": false
      }
    ],
    "isTemplate": false,
    "count": 0,
    "lang": "en",
    "updated": 0
  },
  {
    "id": "5414a6c9-74d0-45bc-9fff-4fc7e45e7ce3",
    "data": [
      {
        "text": "Very badly",
        "userDefined": false
      }
    ],
    "isTemplate": false,
    "count": 0,
    "lang": "en",
    "updated": 0
  }
]