[
  {
    "id": "7386ea5d-ce5f-4fc6-bdb8-f7afba748c8a",
    "data": [
      {
        "text": "Feeling lonely",
        "userDefined": false
      }
    ],
    "isTemplate": false,
    "count": 0,
    "lang": "en",
    "updated": 0
  },
  {
    "id": "32d051e0-ac2f-4bc3-a6e1-ab273a049aff",
    "data": [
      {
        "text": "Bad",
        "userDefined": false
      }
    ],
    "isTemplate": false,
    "count": 0,
    "lang": "en",
    "updated": 0
  },
  {
    "id": "da60e84e-465f-490f-bae9-33dcadea2c27",
    "data": [
      {
        "text": "Good",
        "userDefined": false
      }
    ],
    "isTemplate": false,
    "count": 0,
    "lang": "en",
    "updated": 0
  }
]