[
  {
    "id": "ffa82369-7961-4c16-9ff6-e5ff783a8f76",
    "data": [
      {
        "text": "Often",
        "userDefined": false
      }
    ],
    "isTemplate": false,
    "count": 0,
    "lang": "en",
    "updated": 0
  },
  {
    "id": "b0acf58b-fe85-49e5-83c3-22c81119c8c0",
    "data": [
      {
        "text": "Not often",
        "userDefined": false
      }
    ],
    "isTemplate": false,
    "count": 0,
    "lang": "en",
    "updated": 0
  },
  {
    "id": "34c921e1-5440-4757-bc2f-33afd97d05e1",
    "data": [
      {
        "text": "I don\u0027t like to",
        "userDefined": false
      }
    ],
    "isTemplate": false,
    "count": 0,
    "lang": "en",
    "updated": 0
  }
]