[
  {
    "id": "03d2574b-7bd3-459b-8048-9792cf24ac67",
    "data": [
      {
        "text": "mental Health",
        "userDefined": false
      }
    ],
    "isTemplate": false,
    "count": 0,
    "lang": "en",
    "updated": 0
  },
  {
    "id": "8aa2ad6a-9f03-4b4d-804c-3055fd42bedc",
    "data": [
      {
        "text": "mentalhealth",
        "userDefined": false
      }
    ],
    "isTemplate": false,
    "count": 0,
    "lang": "en",
    "updated": 0
  },
  {
    "id": "dcf01681-2084-44ad-91e3-97bf59979acc",
    "data": [
      {
        "text": "Emotional Intelligence",
        "userDefined": false
      }
    ],
    "isTemplate": false,
    "count": 0,
    "lang": "en",
    "updated": 0
  },
  {
    "id": "211a15c5-5ed0-4828-a1be-d427e89439e9",
    "data": [
      {
        "text": "EmotionalIntelligence(EQ)",
        "userDefined": false
      }
    ],
    "isTemplate": false,
    "count": 0,
    "lang": "en",
    "updated": 0
  },
  {
    "id": "7ea18438-ec39-4045-91c6-cbb20c23f50d",
    "data": [
      {
        "text": "EQ",
        "userDefined": false
      }
    ],
    "isTemplate": false,
    "count": 0,
    "lang": "en",
    "updated": 0
  }
]