[
  {
    "id": "f682b94f-f2f1-434b-be0e-3d76a9ab059e",
    "data": [
      {
        "text": "Sometimes",
        "userDefined": false
      }
    ],
    "isTemplate": false,
    "count": 0,
    "lang": "en",
    "updated": 0
  },
  {
    "id": "db0ea90a-fc70-4915-9023-3f4f1f52495b",
    "data": [
      {
        "text": "Not at all",
        "userDefined": false
      }
    ],
    "isTemplate": false,
    "count": 0,
    "lang": "en",
    "updated": 0
  },
  {
    "id": "afd9e702-f0a8-497c-9419-b1c9f44da530",
    "data": [
      {
        "text": "Yes, all the time",
        "userDefined": false
      }
    ],
    "isTemplate": false,
    "count": 0,
    "lang": "en",
    "updated": 0
  }
]