[
  {
    "id": "73456e73-161b-49dd-b396-39e45a37e9da",
    "data": [
      {
        "text": "All the time",
        "userDefined": false
      }
    ],
    "isTemplate": false,
    "count": 0,
    "lang": "en",
    "updated": 0
  },
  {
    "id": "c4d8e56e-8166-4638-b678-5b8b143f3e9b",
    "data": [
      {
        "text": "Sometimes",
        "userDefined": false
      }
    ],
    "isTemplate": false,
    "count": 0,
    "lang": "en",
    "updated": 0
  },
  {
    "id": "cca0f97f-147d-4b41-a054-4b04f14896ce",
    "data": [
      {
        "text": "Yeah",
        "userDefined": false
      }
    ],
    "isTemplate": false,
    "count": 0,
    "lang": "en",
    "updated": 0
  }
]