[
  {
    "id": "fb0b25ca-f9e2-4f5c-ae68-50816925c1e6",
    "data": [
      {
        "text": "School code: ",
        "userDefined": false
      },
      {
        "text": "132459",
        "meta": "@sys.number-integer",
        "alias": "number-integer",
        "userDefined": false
      }
    ],
    "isTemplate": false,
    "count": 0,
    "lang": "en",
    "updated": 0
  },
  {
    "id": "4883fc3b-17b5-48d2-acc9-508a250f53b8",
    "data": [
      {
        "text": "My school code is ",
        "userDefined": false
      },
      {
        "text": "756823",
        "meta": "@sys.number-integer",
        "alias": "number-integer",
        "userDefined": true
      }
    ],
    "isTemplate": false,
    "count": 0,
    "lang": "en",
    "updated": 0
  }
]