[
  {
    "id": "917b7c16-71ef-4f1a-9fc8-ec60bfae7209",
    "data": [
      {
        "text": "I teach",
        "userDefined": false
      }
    ],
    "isTemplate": false,
    "count": 0,
    "lang": "en",
    "updated": 0
  },
  {
    "id": "1655d2fb-f3ac-44ec-9231-9c41d543af0d",
    "data": [
      {
        "text": "Teacher",
        "userDefined": false
      }
    ],
    "isTemplate": false,
    "count": 0,
    "lang": "en",
    "updated": 0
  },
  {
    "id": "ac37dc6a-3b79-41a5-98de-2edf066f32ef",
    "data": [
      {
        "text": "I am a teacher",
        "userDefined": false
      }
    ],
    "isTemplate": false,
    "count": 0,
    "lang": "en",
    "updated": 0
  }
]